epoch,eval_loss,perplexity
1.0,1.075190544128418,2.930551246670304
2.0,0.5965671539306641,1.8158744710715595
3.0,0.4126403033733368,1.5108014979848863
