epoch,eval_loss,perplexity
1.0,1.0755796432495117,2.9316917434534626
2.0,0.5954541563987732,1.8138545315693924
3.0,0.4121609628200531,1.5100774830976516
