epoch,eval_loss,perplexity
1.0,0.4128402769565582,1.5111036485840366
2.0,0.185288667678833,1.2035658205382722
3.0,0.13408631086349487,1.1434915111252364
