epoch,eval_loss,perplexity
1.0,1.0284123420715332,2.796622228714998
2.0,0.25308316946029663,1.28799039384606
3.0,0.08498065918684006,1.088696010228653
