epoch,eval_loss,perplexity
1.0,0.699912428855896,2.0135763685631534
2.0,0.15113797783851624,1.1631571369179108
3.0,0.11979028582572937,1.1272604243000963
