epoch,eval_loss,perplexity
1.0,0.6740778088569641,1.9622225970407854
2.0,0.1457495242357254,1.156906374748298
3.0,0.11627233773469925,1.123301747934019
