epoch,eval_loss,perplexity
1.0,0.6470183730125427,1.9098379070005844
2.0,0.3776375651359558,1.4588341147046764
3.0,0.27512791752815247,1.3166990929888729
