epoch,eval_loss,perplexity
1.0,1.109459638595581,3.0327191871941976
2.0,0.6067723631858826,1.8345007308148322
3.0,0.41865265369415283,1.5199123271592312
