epoch,eval_loss,perplexity
1.0,1.0749173164367676,2.929750648295717
2.0,0.5971508622169495,1.8169347214555418
3.0,0.4126873016357422,1.510872504698714
