epoch,eval_loss,perplexity
1.0,0.0017969037871807814,1.0017985191862182
2.0,0.00023048878938425332,1.0002305153539661
3.0,0.00012051047087879851,1.0001205177325574
